Componentes Principales,NUM_SECC_RUR,LNE,Densidad_LNE,Razon_LNE_PE,TC_LNE_2019,Coef_Var_LNE,Var_Prop_LNE,Autocorr_LNE
CP1,-0.14440578936117215,-0.2053328110669403,-0.151570562342838,-0.4759661162340209,0.407942260361104,0.3608890253526608,0.5761071723346866,0.24271541999328297
CP2,0.07955960702604058,0.6501268505408365,0.618510283385856,0.03180189171007541,0.3194133961794667,-0.11866787890795306,0.2366792138193699,0.12375371819769865
CP3,-0.618341600095464,0.06703125316563557,0.3968375504175818,-0.1952391662364418,-0.4200276286352304,0.4588824660090024,-0.12774451131230824,-0.11936128617956088
CP4,0.40257413598603214,0.19789376422064328,-0.09312373948047684,0.10041143880359064,-0.36391797790816816,0.45444498071817346,-0.07509100251214065,0.6598654722117683
CP5,0.5255313196902581,0.25499169063113214,-0.07187030265208431,-0.48712454783627673,-0.12677955524764217,0.25258667203739965,-0.023015040792386778,-0.5796012677723366
CP6,0.02512234899450826,0.011039337541478008,-0.06921065165301193,0.6961984172579176,0.15112790231994142,0.5124769080137694,0.29518958941427387,-0.37034515294172926
CP7,-0.38743793723837106,0.652280186978648,-0.6464597806263918,-0.011147783944816908,-0.01794659894545395,-0.0756210815204791,0.018071804709475947,-0.004545646233457964
CP8,0.0385034017900933,-0.030105024458594067,0.021298333918640167,0.04623064374901705,-0.6192446303269357,-0.3262399909214696,0.7086134213906607,-0.054688748967384564
